<?xml version="1.0" encoding="UTF-8"?>
<metadata xml:lang="en"><Esri><CreaDate>20210302</CreaDate><CreaTime>12002900</CreaTime><ArcGISFormat>1.0</ArcGISFormat><SyncOnce>TRUE</SyncOnce><DataProperties><lineage><Process ToolSource="c:\program files (x86)\arcgis\desktop10.8\ArcToolbox\Toolboxes\Conversion Tools.tbx\RasterToPolygon" Date="20210302" Time="120029">RasterToPolygon reclass_ratio C:\NOAA_14_east_grids_24hr\NOAA_14_east_rf_dist.shp SIMPLIFY VALUE SINGLE_OUTER_PART #</Process><Process ToolSource="c:\program files (x86)\arcgis\desktop10.8\ArcToolbox\Toolboxes\Data Management Tools.tbx\CalculateField" Date="20210302" Time="121027">CalculateField NOAA_14_east_rf_dist RF_Dist "D" VB #</Process><Process ToolSource="c:\program files (x86)\arcgis\desktop10.8\ArcToolbox\Toolboxes\Data Management Tools.tbx\CalculateField" Date="20210302" Time="121110">CalculateField NOAA_14_east_rf_dist RF_Dist "C" VB #</Process><Process ToolSource="c:\program files (x86)\arcgis\desktop10.8\ArcToolbox\Toolboxes\Data Management Tools.tbx\CalculateField" Date="20210302" Time="122935">CalculateField NOAA_14_east_rf_dist RF_Dist "B" VB #</Process><Process ToolSource="c:\program files (x86)\arcgis\desktop10.8\ArcToolbox\Toolboxes\Data Management Tools.tbx\CalculateField" Date="20210302" Time="123010">CalculateField NOAA_14_east_rf_dist RF_Dist "A" VB #</Process></lineage></DataProperties></Esri></metadata>
